filename,content,size_chars,description
config.py,"""""""
DEAMONMARIA V2 - Configuration Module
Centralna konfiguracja dla wszystkich modułów systemu uczącego się.
""""""

from pathlib import Path
from datetime import datetime

# ========== ŚCIEŻKI ==========
BASE_DIR = Path(__file__).parent
INPUT_DIR = BASE_DIR / ""input""
PROCESSED_DIR = BASE_DIR / ""processed""
MEMORY_DIR = BASE_DIR / ""memory""
LOGS_DIR = BASE_DIR / ""logs""

# Pliki pamięci
LONGTERM_MEMORY = MEMORY_DIR / ""maria_longterm_memory.jsonl""
KNOWLEDGE_INDEX = MEMORY_DIR / ""knowledge_index.jsonl""
EXAM_RESULTS = MEMORY_DIR / ""exam_results.jsonl""

# Logi
MAIN_LOG = LOGS_DIR / ""maria_daemon.log""
LEARNING_LOG = LOGS_DIR / ""learning.log""
EXAM_LOG = LOGS_DIR / ""exams.log""

# ========== OLLAMA ==========
OLLAMA_MODEL = ""llama3.1:8b""
OLLAMA_HOST = ""http://localhost:11434""
OLLAMA_TIMEOUT = 120  # sekundy
OLLAMA_TEMPERATURE = 0.3  # niższa = bardziej deterministyczne odpowiedzi

# ========== CHUNKING ==========
# Inteligentny podział na chunki
MIN_CHUNK_SIZE = 800   # minimum znaków
MAX_CHUNK_SIZE = 2000  # maksimum znaków
TARGET_CHUNK_SIZE = 1500  # preferowany rozmiar
CHUNK_OVERLAP = 200  # 200 znaków overlap (~13%)

# Separatory dla intelligent chunking (w kolejności priorytetu)
CHUNK_SEPARATORS = [
    ""\n\n\n"",  # potrójne nowe linie (rozdział/sekcja)
    ""\n\n"",    # podwójne nowe linie (paragraf)
    ""\n"",       # pojedyncza nowa linia
    "". "",       # koniec zdania
    ""! "",       # wykrzyknik
    ""? "",       # pytajnik
    ""; "",       # średnik
    "", "",       # przecinek (ostateczność)
]

# ========== PRIORYTETYZACJA ==========
# Bonusy do priorytetu (0-100 skala)
PRIORITY_BONUS_KEYWORDS = {
    ""core"": 15,
    ""manifest"": 12,
    ""spec"": 10,
    ""specification"": 10,
    ""podstawy"": 12,
    ""fundament"": 12,
    ""wprowadzenie"": 8,
    ""intro"": 8,
    ""glossary"": 10,
    ""slownik"": 10,
}

# Wagi dla automatycznego priorytetu
PRIORITY_WEIGHTS = {
    ""file_size"": 0.3,      # mniejszy = wyższy priorytet
    ""structure"": 0.2,      # więcej nagłówków = wyższy
    ""semantic_density"": 0.3,  # więcej unikalnych terminów = wyższy
    ""keyword_bonus"": 0.2,  # słowa kluczowe w nazwie
}

# ========== EGZAMINY ==========
EXAM_MIN_QUESTIONS = 4   # minimum pytań
EXAM_MAX_QUESTIONS = 12  # maksimum pytań
EXAM_QUESTIONS_PER_CHUNK = 1.5  # ile pytań na chunk (float, zaokrąglane)

EXAM_PASS_THRESHOLD = 0.6  # 60% do zaliczenia
EXAM_MAX_ATTEMPTS = 2      # maksymalnie 2 podejścia przed hard_topic

# ========== HARD TOPICS ==========
# Strategia powrotu do trudnych tematów
HARD_TOPIC_RETRY_AFTER = 5  # po ilu nauczonych innych plików wrócić
HARD_TOPIC_SIMPLIFIED_LEARNING = True  # użyć prostszego prompta

# ========== STATUSY ==========
STATUS_NEW = ""new""
STATUS_LEARNING = ""learning""
STATUS_LEARNED = ""learned""
STATUS_EXAM_FAILED = ""exam_failed""
STATUS_HARD_TOPIC = ""hard_topic""
STATUS_COMPLETED = ""completed""  # zaliczony egzamin

# ========== LIMITY ==========
MAX_RETRIES_OLLAMA = 3  # ile razy próbować przy błędzie Ollama
MAX_FILES_PER_CYCLE = 50  # ile plików przetworzyć w jednym cyklu (zabezpieczenie)

# ========== LOGI ==========
LOG_LEVEL = ""INFO""  # DEBUG, INFO, WARNING, ERROR
LOG_FORMAT = ""%(asctime)s [%(levelname)s] %(name)s: %(message)s""
LOG_DATE_FORMAT = ""%Y-%m-%d %H:%M:%S""

# ========== UTILS ==========
def ensure_directories():
    """"""Tworzy wszystkie wymagane katalogi.""""""
    for directory in [INPUT_DIR, PROCESSED_DIR, MEMORY_DIR, LOGS_DIR]:
        directory.mkdir(parents=True, exist_ok=True)

def get_timestamp() -> str:
    """"""Zwraca aktualny timestamp w formacie ISO.""""""
    return datetime.utcnow().isoformat() + ""Z""

# Automatyczne tworzenie katalogów przy imporcie
ensure_directories()
",3647,"Centralna konfiguracja - ścieżki, parametry Ollama, chunking, egzaminy"
memory_store.py,"""""""
DEAMONMARIA V2 - Memory Store Module
Zarządzanie pamięcią długoterminową w formacie JSONL.
Wszystkie operacje są thread-safe i atomiczne.
""""""

import json
import fcntl
from pathlib import Path
from typing import List, Dict, Optional, Any
from contextlib import contextmanager
import logging

logger = logging.getLogger(__name__)


class MemoryStore:
    """"""Interfejs do operacji na plikach JSONL.""""""

    def __init__(self, filepath: Path):
        self.filepath = filepath
        self.filepath.parent.mkdir(parents=True, exist_ok=True)

    @contextmanager
    def _lock_file(self, file_obj):
        """"""Context manager dla file locking (thread-safe).""""""
        try:
            fcntl.flock(file_obj.fileno(), fcntl.LOCK_EX)
            yield file_obj
        finally:
            fcntl.flock(file_obj.fileno(), fcntl.LOCK_UN)

    def append(self, record: Dict[str, Any]) -> bool:
        """"""
        Dopisuje rekord do pliku JSONL.

        Args:
            record: Słownik z danymi do zapisania

        Returns:
            True jeśli sukces, False jeśli błąd
        """"""
        try:
            with open(self.filepath, 'a', encoding='utf-8') as f:
                with self._lock_file(f):
                    json_line = json.dumps(record, ensure_ascii=False)
                    f.write(json_line + '\n')
            logger.debug(f""Zapisano rekord do {self.filepath.name}"")
            return True
        except Exception as e:
            logger.error(f""Błąd zapisu do {self.filepath}: {e}"")
            return False

    def load_all(self) -> List[Dict[str, Any]]:
        """"""
        Wczytuje wszystkie rekordy z pliku JSONL.

        Returns:
            Lista słowników (rekordów)
        """"""
        if not self.filepath.exists():
            logger.debug(f""Plik {self.filepath.name} nie istnieje, zwracam pustą listę"")
            return []

        records = []
        try:
            with open(self.filepath, 'r', encoding='utf-8') as f:
                for line_num, line in enumerate(f, 1):
                    line = line.strip()
                    if not line:
                        continue
                    try:
                        record = json.loads(line)
                        records.append(record)
                    except json.JSONDecodeError as e:
                        logger.warning(f""Błąd parsowania linii {line_num} w {self.filepath.name}: {e}"")
                        continue
            logger.debug(f""Wczytano {len(records)} rekordów z {self.filepath.name}"")
            return records
        except Exception as e:
            logger.error(f""Błąd odczytu {self.filepath}: {e}"")
            return []

    def save_all(self, records: List[Dict[str, Any]]) -> bool:
        """"""
        Zapisuje wszystkie rekordy do pliku JSONL (nadpisuje).

        Args:
            records: Lista słowników do zapisania

        Returns:
            True jeśli sukces, False jeśli błąd
        """"""
        try:
            # Zapisz do pliku tymczasowego
            temp_file = self.filepath.with_suffix('.tmp')
            with open(temp_file, 'w', encoding='utf-8') as f:
                with self._lock_file(f):
                    for record in records:
                        json_line = json.dumps(record, ensure_ascii=False)
                        f.write(json_line + '\n')

            # Atomowo zastąp stary plik
            temp_file.replace(self.filepath)
            logger.debug(f""Zapisano {len(records)} rekordów do {self.filepath.name}"")
            return True
        except Exception as e:
            logger.error(f""Błąd zapisu wszystkich rekordów do {self.filepath}: {e}"")
            return False

    def find(self, filter_func) -> List[Dict[str, Any]]:
        """"""
        Znajduje rekordy spełniające warunek.

        Args:
            filter_func: Funkcja przyjmująca rekord i zwracająca bool

        Returns:
            Lista pasujących rekordów
        """"""
        records = self.load_all()
        return [r for r in records if filter_func(r)]

    def count(self) -> int:
        """"""Zwraca liczbę rekordów w pliku.""""""
        return len(self.load_all())


# ========== POMOCNICZE FUNKCJE ==========

def append_memory(record: Dict[str, Any], path: Path) -> bool:
    """"""
    Dopisuje rekord do pamięci długoterminowej.

    Args:
        record: Rekord zawierający: source_file, folder, chunk_id, summary, key_points, tags
        path: Ścieżka do maria_longterm_memory.jsonl
    """"""
    store = MemoryStore(path)
    return store.append(record)


def append_exam_result(record: Dict[str, Any], path: Path) -> bool:
    """"""
    Dopisuje wynik egzaminu.

    Args:
        record: Rekord zawierający: file, timestamp, attempt, score, questions, feedback
        path: Ścieżka do exam_results.jsonl
    """"""
    store = MemoryStore(path)
    return store.append(record)


def load_index(index_path: Path) -> List[Dict[str, Any]]:
    """"""
    Wczytuje indeks wiedzy.

    Returns:
        Lista rekordów indeksu
    """"""
    store = MemoryStore(index_path)
    return store.load_all()


def save_index(records: List[Dict[str, Any]], index_path: Path) -> bool:
    """"""
    Zapisuje cały indeks wiedzy.

    Args:
        records: Lista rekordów indeksu
        index_path: Ścieżka do knowledge_index.jsonl
    """"""
    store = MemoryStore(index_path)
    return store.save_all(records)


def get_memories_for_file(source_file: str, memory_path: Path) -> List[Dict[str, Any]]:
    """"""
    Pobiera wszystkie pamięci dotyczące konkretnego pliku.

    Args:
        source_file: ID pliku (np. ""pakiet_01/A1.txt"")
        memory_path: Ścieżka do maria_longterm_memory.jsonl

    Returns:
        Lista pamięci dotyczących tego pliku
    """"""
    store = MemoryStore(memory_path)
    return store.find(lambda r: r.get('source_file') == source_file)


def get_exam_results_for_file(file_id: str, exam_path: Path) -> List[Dict[str, Any]]:
    """"""
    Pobiera wszystkie wyniki egzaminów dla danego pliku.

    Args:
        file_id: ID pliku
        exam_path: Ścieżka do exam_results.jsonl

    Returns:
        Lista wyników egzaminów
    """"""
    store = MemoryStore(exam_path)
    return store.find(lambda r: r.get('file') == file_id)
",6207,"Thread-safe interfejs do JSONL - append, load, save z file locking"
perception.py,"""""""
DEAMONMARIA V2 - Perception Module
Skanowanie folderów input/ i budowa indeksu wiedzy.
Wykrywanie nowych plików, zmian i inteligentna analiza struktury.
""""""

import hashlib
from pathlib import Path
from typing import List, Dict, Any, Optional
import logging
from datetime import datetime

from config import (
    STATUS_NEW, 
    get_timestamp,
    PRIORITY_BONUS_KEYWORDS,
    INPUT_DIR,
)
from maria_core.memory.memory_store import load_index, save_index

logger = logging.getLogger(__name__)


def calculate_file_hash(filepath: Path) -> str:
    """"""
    Oblicza SHA256 hash pliku dla wykrywania zmian.

    Args:
        filepath: Ścieżka do pliku

    Returns:
        Hash jako hex string
    """"""
    sha256 = hashlib.sha256()
    try:
        with open(filepath, 'rb') as f:
            for chunk in iter(lambda: f.read(8192), b''):
                sha256.update(chunk)
        return sha256.hexdigest()
    except Exception as e:
        logger.error(f""Błąd obliczania hash dla {filepath}: {e}"")
        return """"


def analyze_file_structure(filepath: Path) -> Dict[str, Any]:
    """"""
    Analizuje strukturę pliku tekstowego.

    Wykrywa:
    - Liczbę linii/akapitów
    - Nagłówki (linie kończące się na "":"" lub zaczynające od ""#"")
    - Listy (linie zaczynające od ""-"", ""*"", cyfry+""."")
    - Gęstość semantyczną (unikalne słowa / całość)

    Args:
        filepath: Ścieżka do pliku

    Returns:
        Słownik z metrykami struktury
    """"""
    try:
        with open(filepath, 'r', encoding='utf-8') as f:
            content = f.read()

        lines = content.split('\n')
        paragraphs = [p for p in content.split('\n\n') if p.strip()]

        # Wykrywanie nagłówków
        headers = []
        for line in lines:
            stripped = line.strip()
            if stripped and (
                stripped.endswith(':') or 
                stripped.startswith('#') or
                stripped.startswith('==') or
                stripped.startswith('--')
            ):
                headers.append(stripped)

        # Wykrywanie list
        list_items = 0
        for line in lines:
            stripped = line.strip()
            if stripped and (
                stripped.startswith('- ') or
                stripped.startswith('* ') or
                (len(stripped) > 2 and stripped[0].isdigit() and stripped[1] in '.)')
            ):
                list_items += 1

        # Gęstość semantyczna
        words = content.lower().split()
        unique_words = set(words)
        semantic_density = len(unique_words) / max(len(words), 1)

        # Unikalne terminy techniczne (słowa >6 znaków, nie powszechne)
        technical_terms = [w for w in unique_words if len(w) > 6 and w.isalpha()]

        return {
            ""total_chars"": len(content),
            ""total_lines"": len(lines),
            ""total_paragraphs"": len(paragraphs),
            ""headers_count"": len(headers),
            ""list_items_count"": list_items,
            ""semantic_density"": round(semantic_density, 3),
            ""unique_terms_count"": len(technical_terms),
            ""structure_score"": len(headers) * 2 + list_items  # wyższa wartość = lepsza struktura
        }
    except Exception as e:
        logger.error(f""Błąd analizy struktury {filepath}: {e}"")
        return {
            ""total_chars"": 0,
            ""total_lines"": 0,
            ""total_paragraphs"": 0,
            ""headers_count"": 0,
            ""list_items_count"": 0,
            ""semantic_density"": 0.0,
            ""unique_terms_count"": 0,
            ""structure_score"": 0
        }


def calculate_initial_priority(filepath: Path, folder: str, filename: str) -> float:
    """"""
    Oblicza wstępny priorytet na podstawie rozmiaru, nazwy i struktury.

    Skala: 0-100 (wyższy = ważniejszy)

    Args:
        filepath: Pełna ścieżka do pliku
        folder: Nazwa folderu
        filename: Nazwa pliku

    Returns:
        Priorytet (0-100)
    """"""
    priority = 50.0  # bazowy priorytet

    # Analiza struktury
    structure = analyze_file_structure(filepath)

    # 1. Bonus za rozmiar (mniejszy plik = wyższy priorytet)
    chars = structure['total_chars']
    if chars < 5000:
        priority += 15
    elif chars < 10000:
        priority += 10
    elif chars < 20000:
        priority += 5
    else:
        priority += 0  # duże pliki na później

    # 2. Bonus za strukturę (więcej nagłówków/list = lepiej)
    if structure['structure_score'] > 10:
        priority += 10
    elif structure['structure_score'] > 5:
        priority += 5

    # 3. Bonus za gęstość semantyczną (więcej unikalnych słów = ważniejszy)
    if structure['semantic_density'] > 0.4:
        priority += 8
    elif structure['semantic_density'] > 0.3:
        priority += 4

    # 4. Bonus za słowa kluczowe w nazwie
    full_name = f""{folder}/{filename}"".lower()
    for keyword, bonus in PRIORITY_BONUS_KEYWORDS.items():
        if keyword.lower() in full_name:
            priority += bonus
            logger.debug(f""Keyword '{keyword}' w {filename}: +{bonus} priority"")

    # Ogranicz do 0-100
    return max(0, min(100, priority))


def scan_input_directory(base_dir: Path, index_path: Path) -> Dict[str, int]:
    """"""
    Skanuje katalog input/ i aktualizuje indeks wiedzy.

    Dla każdego pliku .txt:
    - Sprawdza czy istnieje w indeksie
    - Jeśli nie: dodaje nowy rekord
    - Jeśli tak: sprawdza hash (czy się zmienił)

    Args:
        base_dir: Ścieżka do katalogu bazowego (INPUT_DIR)
        index_path: Ścieżka do knowledge_index.jsonl

    Returns:
        Słownik ze statystykami: {new: X, changed: Y, unchanged: Z}
    """"""
    logger.info(f""🔍 Skanuję katalog: {base_dir}"")

    # Wczytaj istniejący indeks
    index = load_index(index_path)
    index_dict = {rec['id']: rec for rec in index}

    stats = {""new"": 0, ""changed"": 0, ""unchanged"": 0}

    # Znajdź wszystkie pliki .txt
    txt_files = list(base_dir.rglob(""*.txt""))
    logger.info(f""Znaleziono {len(txt_files)} plików .txt"")

    for filepath in txt_files:
        try:
            # Względna ścieżka od base_dir
            relative_path = filepath.relative_to(base_dir)
            folder = relative_path.parent.name if relative_path.parent != Path('.') else ""root""
            filename = filepath.name
            file_id = str(relative_path).replace('\\', '/')

            # Oblicz hash
            file_hash = calculate_file_hash(filepath)

            if file_id in index_dict:
                # Plik już istnieje - sprawdź czy się zmienił
                existing = index_dict[file_id]
                if existing.get('hash') != file_hash:
                    logger.info(f""🔄 Zmieniony plik: {file_id}"")
                    # Resetuj status na new (ponowna nauka)
                    existing['hash'] = file_hash
                    existing['status'] = STATUS_NEW
                    existing['updated_at'] = get_timestamp()
                    # Przelicz priorytet
                    existing['priority'] = calculate_initial_priority(filepath, folder, filename)
                    stats['changed'] += 1
                else:
                    stats['unchanged'] += 1
            else:
                # Nowy plik
                logger.info(f""✨ Nowy plik: {file_id}"")
                priority = calculate_initial_priority(filepath, folder, filename)

                new_record = {
                    ""id"": file_id,
                    ""folder"": folder,
                    ""file"": filename,
                    ""status"": STATUS_NEW,
                    ""priority"": priority,
                    ""hash"": file_hash,
                    ""created_at"": get_timestamp(),
                    ""updated_at"": get_timestamp(),
                    ""exam_attempts"": 0,
                    ""last_scores"": [],
                    ""chunks_learned"": 0,
                    ""total_chunks"": 0,
                }

                index_dict[file_id] = new_record
                stats['new'] += 1

        except Exception as e:
            logger.error(f""Błąd przetwarzania {filepath}: {e}"")
            continue

    # Zapisz zaktualizowany indeks
    updated_index = list(index_dict.values())
    save_index(updated_index, index_path)

    logger.info(f""📊 Statystyki: nowe={stats['new']}, zmienione={stats['changed']}, niezmienione={stats['unchanged']}"")

    return stats


def get_next_file_to_learn(index_path: Path, exclude_hard_topics: bool = True) -> Optional[Dict[str, Any]]:
    """"""
    Zwraca kolejny plik do nauki na podstawie priorytetu.

    Args:
        index_path: Ścieżka do indeksu
        exclude_hard_topics: Czy pominąć pliki oznaczone jako hard_topic

    Returns:
        Rekord pliku lub None jeśli brak plików do nauki
    """"""
    from config import STATUS_NEW, STATUS_LEARNING, STATUS_HARD_TOPIC

    index = load_index(index_path)

    # Filtruj pliki do nauki
    candidates = []
    for rec in index:
        if rec['status'] in [STATUS_NEW, STATUS_LEARNING]:
            if exclude_hard_topics and rec['status'] == STATUS_HARD_TOPIC:
                continue
            candidates.append(rec)

    if not candidates:
        return None

    # Sortuj po priorytecie (malejąco)
    candidates.sort(key=lambda x: x.get('priority', 0), reverse=True)

    return candidates[0]
",9251,"Skanowanie input/, SHA256 hash, analiza struktury, auto-priority"
learning_agent.py,"""""""
DEAMONMARIA V2 - Learning Agent Module
Inteligentne uczenie się z plików tekstowych przez Ollama.
Chunking adaptacyjny, overlapping, wywołania do modelu.
""""""

import re
import requests
import json
from pathlib import Path
from typing import List, Dict, Any, Optional, Tuple
import logging

from config import (
    INPUT_DIR,
    OLLAMA_MODEL,
    OLLAMA_HOST,
    OLLAMA_TIMEOUT,
    OLLAMA_TEMPERATURE,
    MIN_CHUNK_SIZE,
    MAX_CHUNK_SIZE,
    TARGET_CHUNK_SIZE,
    CHUNK_OVERLAP,
    CHUNK_SEPARATORS,
    STATUS_NEW,
    STATUS_LEARNING,
    STATUS_LEARNED,
    STATUS_EXAM_FAILED,
    MAX_RETRIES_OLLAMA,
    get_timestamp,
)
from maria_core.memory.memory_store import (
    load_index,
    save_index,
    append_memory,
    get_memories_for_file,
)

logger = logging.getLogger(__name__)


# ========== PROMPTY ==========

PROMPT_LEARN_NORMAL = """"""Jesteś M.A.R.I.A. – lokalną, autonomiczną inteligencją działającą w systemie offline.
Analizujesz fragment tekstu, który jest częścią większego dokumentu uczącego Cię nowych pojęć.

Twoje zadanie:
1. Szczegółowo streść fragment w maksymalnie 10–12 zdaniach.
2. Wypisz listę 5–12 kluczowych punktów (bullet-points).
3. Wyodrębnij 5–15 najważniejszych pojęć/tagów opisujących temat.
4. Wypisz 3 przykładowe pytania sprawdzające wiedzę z tego fragmentu.

Fragment:
--------------------
{chunk}
--------------------

Odpowiedz w czystym JSON (bez markdown):
{{
  ""summary"": ""..."",
  ""key_points"": [""..."", ""...""],
  ""tags"": [""..."", ""...""],
  ""questions"": [""..."", ""...""]
}}""""""

PROMPT_LEARN_SIMPLE = """"""Jesteś M.A.R.I.A. – lokalną, autonomiczną inteligencją.
Poprzedni egzamin z tego materiału został niezdany.
Wyjaśnij tekst tak, jakbyś tłumaczyła go dziecku w wieku 12 lat.

Twoje zadanie:
1. Wyjaśnij ten fragment JAK NAJPROŚCIEJ (maks 6–7 zdań).
2. Wypisz tylko 3 najważniejsze idee.
3. Wypisz 5 tagów (pojęć kluczowych).

Fragment:
--------------------
{chunk}
--------------------

Odpowiedz w JSON (bez markdown):
{{
  ""summary_simple"": ""..."",
  ""core_ideas"": [""..."", ""..."", ""...""],
  ""tags"": [""..."", ""...""]
}}""""""


def call_ollama(prompt: str, model: str = OLLAMA_MODEL, temperature: float = OLLAMA_TEMPERATURE) -> Optional[str]:
    """"""
    Wywołuje Ollama API z obsługą błędów i retry.

    Args:
        prompt: Prompt dla modelu
        model: Nazwa modelu
        temperature: Temperatura generowania

    Returns:
        Odpowiedź modelu (string) lub None w razie błędu
    """"""
    url = f""{OLLAMA_HOST}/api/generate""
    payload = {
        ""model"": model,
        ""prompt"": prompt,
        ""stream"": False,
        ""options"": {
            ""temperature"": temperature,
        }
    }

    for attempt in range(MAX_RETRIES_OLLAMA):
        try:
            response = requests.post(url, json=payload, timeout=OLLAMA_TIMEOUT)
            response.raise_for_status()
            result = response.json()
            return result.get('response', '').strip()
        except requests.exceptions.Timeout:
            logger.warning(f""Ollama timeout (próba {attempt + 1}/{MAX_RETRIES_OLLAMA})"")
            if attempt == MAX_RETRIES_OLLAMA - 1:
                logger.error(""Ollama nie odpowiada po wszystkich próbach"")
                return None
        except Exception as e:
            logger.error(f""Błąd wywołania Ollama: {e}"")
            return None

    return None


def extract_json_from_response(response: str) -> Optional[Dict[str, Any]]:
    """"""
    Wyciąga JSON z odpowiedzi modelu (obsługuje markdown ```json```)

    Args:
        response: Surowa odpowiedź z modelu

    Returns:
        Sparsowany JSON lub None
    """"""
    # Usuń markdown
    response = response.strip()
    if response.startswith('```'):
        # Znajdź zawartość między ``` a ```
        match = re.search(r'```(?:json)?\s*(.+?)\s*```', response, re.DOTALL)
        if match:
            response = match.group(1)

    try:
        return json.loads(response)
    except json.JSONDecodeError as e:
        logger.error(f""Błąd parsowania JSON: {e}"")
        logger.debug(f""Odpowiedź: {response[:200]}..."")
        return None


def intelligent_chunk_text(text: str) -> List[Tuple[str, int, int]]:
    """"""
    Inteligentny podział tekstu na chunki z overlapem.

    Priorytetyzuje naturalne granice (paragrafy, zdania) zamiast sztywnego podziału.

    Args:
        text: Tekst do podzielenia

    Returns:
        Lista krotek: (chunk_text, start_pos, end_pos)
    """"""
    if len(text) <= MAX_CHUNK_SIZE:
        return [(text, 0, len(text))]

    chunks = []
    start = 0

    while start < len(text):
        # Określ koniec chunka
        end = min(start + TARGET_CHUNK_SIZE, len(text))

        # Jeśli to nie koniec tekstu, znajdź najlepszy punkt podziału
        if end < len(text):
            best_split = end

            # Szukaj separatorów w kolejności priorytetu
            for separator in CHUNK_SEPARATORS:
                # Szukaj w oknie [end-200, end+200]
                search_start = max(end - 200, start)
                search_end = min(end + 200, len(text))
                search_text = text[search_start:search_end]

                # Znajdź ostatnie wystąpienie separatora
                sep_pos = search_text.rfind(separator)
                if sep_pos != -1:
                    actual_pos = search_start + sep_pos + len(separator)
                    # Sprawdź czy nie za mały/duży chunk
                    chunk_size = actual_pos - start
                    if MIN_CHUNK_SIZE <= chunk_size <= MAX_CHUNK_SIZE * 1.5:
                        best_split = actual_pos
                        break

            end = best_split

        # Wytnij chunk
        chunk_text = text[start:end].strip()
        if chunk_text:
            chunks.append((chunk_text, start, end))

        # Następny chunk z overlapem
        start = end - CHUNK_OVERLAP

        # Zabezpieczenie przed nieskończoną pętlą
        if start >= end:
            start = end

    logger.debug(f""Podzielono tekst na {len(chunks)} chunków"")
    return chunks


def learn_chunk(chunk_text: str, use_simple: bool = False) -> Optional[Dict[str, Any]]:
    """"""
    Uczy się pojedynczego chunka przez Ollama.

    Args:
        chunk_text: Tekst do nauczenia
        use_simple: Czy użyć uproszczonego prompta (po failed exam)

    Returns:
        Słownik z summary, key_points, tags lub None
    """"""
    prompt_template = PROMPT_LEARN_SIMPLE if use_simple else PROMPT_LEARN_NORMAL
    prompt = prompt_template.format(chunk=chunk_text)

    logger.debug(f""Uczę się chunka ({len(chunk_text)} znaków), simple={use_simple}"")

    response = call_ollama(prompt)
    if not response:
        return None

    parsed = extract_json_from_response(response)
    if not parsed:
        return None

    # Walidacja struktury
    if use_simple:
        required = ['summary_simple', 'core_ideas', 'tags']
    else:
        required = ['summary', 'key_points', 'tags']

    if not all(k in parsed for k in required):
        logger.error(f""Brak wymaganych pól w odpowiedzi: {list(parsed.keys())}"")
        return None

    return parsed


def learn_next_chunk(
    base_dir: Path,
    index_path: Path,
    memory_path: Path,
    ollama_model: str = OLLAMA_MODEL
) -> bool:
    """"""
    Uczy się następnego chunka z pliku o najwyższym priorytecie.

    Args:
        base_dir: Katalog bazowy (INPUT_DIR)
        index_path: Ścieżka do indeksu
        memory_path: Ścieżka do pamięci długoterminowej
        ollama_model: Nazwa modelu Ollama

    Returns:
        True jeśli coś przetworzono, False jeśli brak pracy
    """"""
    logger.info(""🧠 Rozpoczynam naukę następnego chunka..."")

    # Wczytaj indeks
    index = load_index(index_path)

    # Znajdź plik do nauki
    candidates = [r for r in index if r['status'] in [STATUS_NEW, STATUS_LEARNING, STATUS_EXAM_FAILED]]
    if not candidates:
        logger.info(""✅ Brak plików do nauki"")
        return False

    # Sortuj po priorytecie
    candidates.sort(key=lambda x: x.get('priority', 0), reverse=True)
    target = candidates[0]

    file_id = target['id']
    filepath = base_dir / file_id

    logger.info(f""📖 Uczę się z: {file_id} (priorytet: {target.get('priority', 0):.1f})"")

    # Wczytaj plik
    try:
        with open(filepath, 'r', encoding='utf-8') as f:
            content = f.read()
    except Exception as e:
        logger.error(f""Nie mogę odczytać {filepath}: {e}"")
        return False

    # Podziel na chunki
    chunks = intelligent_chunk_text(content)
    target['total_chunks'] = len(chunks)

    # Sprawdź które chunki już przerobiono
    existing_memories = get_memories_for_file(file_id, memory_path)
    learned_chunk_ids = {m.get('chunk_id') for m in existing_memories}

    # Znajdź pierwszy nieprzerobiony chunk
    chunk_to_learn = None
    chunk_idx = None
    for idx, (chunk_text, start, end) in enumerate(chunks):
        chunk_id = f""{file_id}#chunk_{idx}""
        if chunk_id not in learned_chunk_ids:
            chunk_to_learn = chunk_text
            chunk_idx = idx
            break

    if chunk_to_learn is None:
        logger.info(f""✅ Plik {file_id} całkowicie nauczony ({len(chunks)} chunków)"")
        target['status'] = STATUS_LEARNED
        target['chunks_learned'] = len(chunks)
        save_index(index, index_path)
        return True

    # Określ czy użyć prostego prompta
    use_simple = (target['status'] == STATUS_EXAM_FAILED)

    # Ucz się chunka
    learned_data = learn_chunk(chunk_to_learn, use_simple=use_simple)

    if not learned_data:
        logger.error(f""Nie udało się nauczyć chunka {chunk_idx}"")
        return False

    # Zapisz do pamięci
    memory_record = {
        ""source_file"": file_id,
        ""folder"": target['folder'],
        ""chunk_id"": f""{file_id}#chunk_{chunk_idx}"",
        ""chunk_index"": chunk_idx,
        ""timestamp"": get_timestamp(),
        ""learned_simple"": use_simple,
        **learned_data
    }

    append_memory(memory_record, memory_path)

    # Aktualizuj indeks
    target['chunks_learned'] = len(learned_chunk_ids) + 1
    target['status'] = STATUS_LEARNING
    target['updated_at'] = get_timestamp()

    save_index(index, index_path)

    logger.info(f""✅ Nauczono chunk {chunk_idx + 1}/{len(chunks)} z {file_id}"")

    return True
",10223,"Inteligentny chunking, wywołania Ollama, 2 tryby uczenia (normal/simple)"
exam_agent.py,"""""""
DEAMONMARIA V2 - Exam Agent Module
Generowanie egzaminów, odpowiadanie, ocena i logika hard_topic.
Adaptacyjna liczba pytań, zapobieganie zapętleniu.
""""""

import json
import logging
from pathlib import Path
from typing import List, Dict, Any, Optional

from config import (
    OLLAMA_MODEL,
    OLLAMA_TEMPERATURE,
    EXAM_MIN_QUESTIONS,
    EXAM_MAX_QUESTIONS,
    EXAM_QUESTIONS_PER_CHUNK,
    EXAM_PASS_THRESHOLD,
    EXAM_MAX_ATTEMPTS,
    STATUS_LEARNED,
    STATUS_EXAM_FAILED,
    STATUS_HARD_TOPIC,
    STATUS_COMPLETED,
    get_timestamp,
)
from maria_core.memory.memory_store import (
    load_index,
    save_index,
    append_exam_result,
    get_memories_for_file,
    get_exam_results_for_file,
)
from maria.core.learning.learning_agent import call_ollama, extract_json_from_response

logger = logging.getLogger(__name__)


# ========== PROMPTY EGZAMINACYJNE ==========

PROMPT_GENERATE_EXAM = """"""Jesteś M.A.R.I.A. w trybie nauczyciela.
Masz przed sobą CAŁY kontekst nauki z danego pliku (połączone streszczenia i punkty kluczowe).

Twoje zadanie:
- Przygotuj egzamin składający się z {num_questions} pytań otwartych.
- Do każdego pytania podaj idealną odpowiedź wzorcową (2-4 zdania).
- Pytania powinny sprawdzać zrozumienie, nie tylko pamięć.

Kontekst:
--------------------
{context}
--------------------

Odpowiedz w JSON (bez markdown):
{{
  ""exam"": [
    {{
      ""q"": ""pytanie 1..."",
      ""expected"": ""idealna odpowiedź...""
    }},
    {{
      ""q"": ""pytanie 2..."",
      ""expected"": ""...""
    }}
  ]
}}""""""

PROMPT_ANSWER_EXAM = """"""Jesteś M.A.R.I.A. w trybie ucznia.
Odpowiedz na każde z pytań na podstawie swojej pamięci i kontekstu nauki.

Odpowiadaj naturalnie, 2–6 zdań na pytanie.

Kontekst:
--------------------
{context}
--------------------

Pytania:
{questions_list}

Odpowiedz w JSON (bez markdown):
{{
  ""answers"": [
    {{""a"": ""odpowiedź na pytanie 1...""}},
    {{""a"": ""odpowiedź na pytanie 2...""}}
  ]
}}""""""

PROMPT_GRADE_EXAM = """"""Jesteś M.A.R.I.A. w trybie egzaminatora.
Twoim zadaniem jest porównanie odpowiedzi ucznia z odpowiedzią wzorcową.

Dla każdego pytania oceń:
- score w skali 0–1 (0 = błędne, 1 = idealnie zgodne)
- krótkie wyjaśnienie (1–2 zdania)

Bądź sprawiedliwy ale wymagający. Odpowiedź musi być merytorycznie poprawna.

Dane wejściowe:
--------------------
{qa_pairs}
--------------------

Odpowiedz w JSON (bez markdown):
{{
  ""graded"": [
    {{
      ""score"": 0.8,
      ""explanation"": ""...""
    }}
  ],
  ""final_score"": 0.83
}}""""""


def build_context_from_memories(memories: List[Dict[str, Any]]) -> str:
    """"""
    Buduje kontekst nauki z pamięci długoterminowej.

    Args:
        memories: Lista rekordów pamięci dla danego pliku

    Returns:
        String z kontekstem (streszczenia + kluczowe punkty)
    """"""
    context_parts = []

    for idx, mem in enumerate(memories, 1):
        # Użyj summary lub summary_simple
        summary = mem.get('summary') or mem.get('summary_simple', '')
        key_points = mem.get('key_points') or mem.get('core_ideas', [])

        part = f""Chunk {idx}:\n{summary}\n""
        if key_points:
            part += ""Kluczowe punkty:\n""
            for kp in key_points:
                part += f""- {kp}\n""

        context_parts.append(part)

    return ""\n"".join(context_parts)


def calculate_num_questions(num_chunks: int) -> int:
    """"""
    Oblicza adaptacyjną liczbę pytań na egzamin.

    Args:
        num_chunks: Liczba chunków w pliku

    Returns:
        Liczba pytań (między MIN i MAX)
    """"""
    num_questions = int(num_chunks * EXAM_QUESTIONS_PER_CHUNK)
    return max(EXAM_MIN_QUESTIONS, min(EXAM_MAX_QUESTIONS, num_questions))


def generate_exam(context: str, num_questions: int) -> Optional[List[Dict[str, str]]]:
    """"""
    Generuje egzamin (pytania + odpowiedzi wzorcowe).

    Args:
        context: Kontekst nauki
        num_questions: Liczba pytań do wygenerowania

    Returns:
        Lista słowników [{""q"": ""..."", ""expected"": ""...""}] lub None
    """"""
    prompt = PROMPT_GENERATE_EXAM.format(
        num_questions=num_questions,
        context=context
    )

    logger.debug(f""Generuję egzamin z {num_questions} pytaniami"")

    response = call_ollama(prompt, temperature=0.4)  # niższa temperatura dla stabilności
    if not response:
        return None

    parsed = extract_json_from_response(response)
    if not parsed or 'exam' not in parsed:
        logger.error(""Brak pola 'exam' w odpowiedzi"")
        return None

    exam = parsed['exam']
    if not isinstance(exam, list) or len(exam) == 0:
        logger.error(""Pole 'exam' nie jest niepustą listą"")
        return None

    return exam


def answer_exam(context: str, questions: List[Dict[str, str]]) -> Optional[List[Dict[str, str]]]:
    """"""
    Odpowiada na pytania egzaminacyjne.

    Args:
        context: Kontekst nauki
        questions: Lista pytań [{""q"": ""..."", ""expected"": ""...""}]

    Returns:
        Lista odpowiedzi [{""a"": ""...""}] lub None
    """"""
    questions_list = ""\n"".join([f""{i+1}. {q['q']}"" for i, q in enumerate(questions)])

    prompt = PROMPT_ANSWER_EXAM.format(
        context=context,
        questions_list=questions_list
    )

    logger.debug(f""Odpowiadam na {len(questions)} pytań"")

    response = call_ollama(prompt, temperature=0.5)
    if not response:
        return None

    parsed = extract_json_from_response(response)
    if not parsed or 'answers' not in parsed:
        logger.error(""Brak pola 'answers' w odpowiedzi"")
        return None

    answers = parsed['answers']
    if not isinstance(answers, list) or len(answers) != len(questions):
        logger.error(f""Liczba odpowiedzi ({len(answers)}) != liczba pytań ({len(questions)})"")
        return None

    return answers


def grade_exam(questions: List[Dict[str, str]], answers: List[Dict[str, str]]) -> Optional[Dict[str, Any]]:
    """"""
    Ocenia odpowiedzi na egzaminie.

    Args:
        questions: Lista pytań z odpowiedziami wzorcowymi
        answers: Lista odpowiedzi ucznia

    Returns:
        Słownik z 'graded' (lista ocen) i 'final_score' (średnia) lub None
    """"""
    # Zbuduj pary pytanie-odpowiedź wzorcowa-odpowiedź ucznia
    qa_pairs = []
    for i, (q, a) in enumerate(zip(questions, answers), 1):
        pair = f""Pytanie {i}: {q['q']}\n""
        pair += f""Odpowiedź wzorcowa: {q['expected']}\n""
        pair += f""Odpowiedź ucznia: {a['a']}\n""
        qa_pairs.append(pair)

    qa_text = ""\n"".join(qa_pairs)

    prompt = PROMPT_GRADE_EXAM.format(qa_pairs=qa_text)

    logger.debug(f""Oceniam {len(questions)} odpowiedzi"")

    response = call_ollama(prompt, temperature=0.2)  # bardzo niska dla konsystencji
    if not response:
        return None

    parsed = extract_json_from_response(response)
    if not parsed or 'graded' not in parsed or 'final_score' not in parsed:
        logger.error(""Brak wymaganych pól w ocenie"")
        return None

    return parsed


def check_for_looping(record: Dict[str, Any]) -> bool:
    """"""
    Sprawdza czy system się zapętlił (podobne wyniki egzaminów).

    Args:
        record: Rekord z indeksu

    Returns:
        True jeśli wykryto zapętlenie
    """"""
    scores = record.get('last_scores', [])

    # Jeśli mamy 3+ wyniki i wszystkie są podobne (różnica < 0.05)
    if len(scores) >= 3:
        recent = scores[-3:]
        max_diff = max(recent) - min(recent)
        if max_diff < 0.05:
            logger.warning(f""Wykryto zapętlenie dla {record['id']}: wyniki {recent}"")
            return True

    return False


def run_exam_if_ready(
    index_path: Path,
    memory_path: Path,
    exam_path: Path,
    ollama_model: str = OLLAMA_MODEL
) -> bool:
    """"""
    Uruchamia egzamin dla pliku, który jest gotowy (status=learned).

    Logika:
    1. Znajdź plik ze statusem LEARNED
    2. Wygeneruj egzamin na podstawie pamięci
    3. Odpowiedz na pytania
    4. Oceń odpowiedzi
    5. Zapisz wynik
    6. Zaktualizuj status:
       - score >= 0.6 → COMPLETED
       - score < 0.6 i attempt=1 → EXAM_FAILED (ponowna nauka)
       - score < 0.6 i attempt=2 → HARD_TOPIC
       - wykryto looping → HARD_TOPIC

    Args:
        index_path: Ścieżka do indeksu
        memory_path: Ścieżka do pamięci
        exam_path: Ścieżka do wyników egzaminów
        ollama_model: Model Ollama

    Returns:
        True jeśli przeprowadzono egzamin, False jeśli brak pracy
    """"""
    logger.info(""📝 Sprawdzam czy jest plik gotowy na egzamin..."")

    # Wczytaj indeks
    index = load_index(index_path)

    # Znajdź kandydatów
    candidates = []
    for rec in index:
        if rec['status'] == STATUS_LEARNED and rec['exam_attempts'] < EXAM_MAX_ATTEMPTS:
            candidates.append(rec)

    if not candidates:
        logger.info(""✅ Brak plików gotowych na egzamin"")
        return False

    # Wybierz pierwszy (lub najwyższy priorytet)
    candidates.sort(key=lambda x: x.get('priority', 0), reverse=True)
    target = candidates[0]

    file_id = target['id']
    logger.info(f""📝 Egzamin z: {file_id}"")

    # Pobierz pamięci
    memories = get_memories_for_file(file_id, memory_path)
    if not memories:
        logger.error(f""Brak pamięci dla {file_id}!"")
        return False

    # Zbuduj kontekst
    context = build_context_from_memories(memories)

    # Oblicz liczbę pytań
    num_questions = calculate_num_questions(len(memories))

    # Generuj egzamin
    exam = generate_exam(context, num_questions)
    if not exam:
        logger.error(""Nie udało się wygenerować egzaminu"")
        return False

    # Odpowiedz
    answers = answer_exam(context, exam)
    if not answers:
        logger.error(""Nie udało się odpowiedzieć na egzamin"")
        return False

    # Oceń
    grading = grade_exam(exam, answers)
    if not grading:
        logger.error(""Nie udało się ocenić egzaminu"")
        return False

    final_score = grading['final_score']
    logger.info(f""🎯 Wynik egzaminu: {final_score:.2%}"")

    # Zapisz wynik
    exam_record = {
        ""file"": file_id,
        ""timestamp"": get_timestamp(),
        ""attempt"": target['exam_attempts'] + 1,
        ""score"": final_score,
        ""num_questions"": len(exam),
        ""questions"": exam,
        ""answers"": answers,
        ""grading"": grading['graded'],
    }
    append_exam_result(exam_record, exam_path)

    # Aktualizuj indeks
    target['exam_attempts'] += 1
    target['last_scores'].append(final_score)

    # Logika statusu
    if final_score >= EXAM_PASS_THRESHOLD:
        # Zaliczony!
        target['status'] = STATUS_COMPLETED
        logger.info(f""✅ Egzamin ZALICZONY ({final_score:.2%})"")
    else:
        # Niezaliczony
        if target['exam_attempts'] == 1:
            # Pierwsza próba - daj drugą szansę
            target['status'] = STATUS_EXAM_FAILED
            logger.warning(f""❌ Egzamin NIEZALICZONY ({final_score:.2%}) - druga szansa"")
        else:
            # Druga próba lub więcej - hard topic
            target['status'] = STATUS_HARD_TOPIC
            target['priority'] -= 30  # obniż priorytet
            logger.warning(f""⚠️  Egzamin NIEZALICZONY ({final_score:.2%}) - HARD TOPIC"")

    # Sprawdź zapętlenie
    if check_for_looping(target):
        target['status'] = STATUS_HARD_TOPIC
        target['priority'] -= 20
        logger.warning(f""🔁 Wykryto zapętlenie - oznaczam jako HARD TOPIC"")

    target['updated_at'] = get_timestamp()
    save_index(index, index_path)

    return True
",11357,"Generate→Answer→Grade, hard_topic logic, loop detection"
priority_scheduler.py,"""""""
DEAMONMARIA V2 - Priority Scheduler Module
Dopracowanie priorytetów na podstawie analizy treści przez Ollama.
Opcjonalne wywołanie modelu dla lepszej oceny ważności materiału.
""""""

import logging
from pathlib import Path
from typing import Dict, Any, Optional

from config import (
    INPUT_DIR,
    OLLAMA_MODEL,
    STATUS_NEW,
    STATUS_HARD_TOPIC,
    get_timestamp,
)
from maria_core.memory.memory_store import load_index, save_index
from maria.core.learning.learning_agent import call_ollama, extract_json_from_response

logger = logging.getLogger(__name__)


PROMPT_ASSESS_IMPORTANCE = """"""Jesteś M.A.R.I.A. – lokalną inteligencją oceniającą ważność materiałów do nauki.

Przeczytaj początek dokumentu i oceń jego ważność dla osoby uczącej się efektywnego zarządzania pamięcią i skutecznego uczenia się.

Kryteria oceny:
- Czy to materiał fundamentalny/podstawowy? (core concepts)
- Czy zawiera praktyczne techniki i metody?
- Czy jest to teoria czy praktyka?
- Czy wymaga wcześniejszej wiedzy?

Fragment dokumentu:
--------------------
{preview}
--------------------

Odpowiedz w JSON (bez markdown):
{{
  ""importance"": 7,
  ""reasoning"": ""krótkie wyjaśnienie w 1-2 zdaniach"",
  ""requires_prior"": false,
  ""is_foundational"": true
}}

importance: skala 1-10 (1=mało ważne, 10=kluczowe)
requires_prior: czy wymaga wcześniejszej wiedzy
is_foundational: czy to materiał podstawowy""""""


def assess_file_importance(filepath: Path, preview_chars: int = 1500) -> Optional[Dict[str, Any]]:
    """"""
    Ocenia ważność pliku przez Ollama na podstawie preview.

    Args:
        filepath: Ścieżka do pliku
        preview_chars: Ile znaków z początku pliku przeanalizować

    Returns:
        Słownik z oceną lub None
    """"""
    try:
        with open(filepath, 'r', encoding='utf-8') as f:
            preview = f.read(preview_chars)
    except Exception as e:
        logger.error(f""Nie mogę odczytać {filepath}: {e}"")
        return None

    prompt = PROMPT_ASSESS_IMPORTANCE.format(preview=preview)

    logger.debug(f""Oceniam ważność: {filepath.name}"")

    response = call_ollama(prompt, temperature=0.3)
    if not response:
        return None

    parsed = extract_json_from_response(response)
    if not parsed or 'importance' not in parsed:
        logger.error(""Brak pola 'importance' w odpowiedzi"")
        return None

    return parsed


def recalculate_priority_with_ollama(record: Dict[str, Any], filepath: Path) -> float:
    """"""
    Przelicza priorytet z uwzględnieniem oceny Ollama.

    Args:
        record: Rekord z indeksu
        filepath: Ścieżka do pliku

    Returns:
        Nowy priorytet (0-100)
    """"""
    current_priority = record.get('priority', 50.0)

    # Oceń przez Ollama
    assessment = assess_file_importance(filepath)
    if not assessment:
        logger.warning(f""Nie udało się ocenić {record['id']}, zostawiam obecny priorytet"")
        return current_priority

    importance = assessment.get('importance', 5)  # 1-10
    is_foundational = assessment.get('is_foundational', False)
    requires_prior = assessment.get('requires_prior', False)

    # Nowy priorytet
    new_priority = current_priority

    # Bonus za importance (max +30)
    importance_bonus = (importance - 5) * 6  # -24 do +30
    new_priority += importance_bonus

    # Bonus za foundational (+15)
    if is_foundational:
        new_priority += 15

    # Kara za requires_prior (-10)
    if requires_prior:
        new_priority -= 10

    # Ogranicz do 0-100
    new_priority = max(0, min(100, new_priority))

    logger.info(f""{record['id']}: importance={importance}/10, foundational={is_foundational}, prior={requires_prior} → priority={new_priority:.1f}"")

    return new_priority


def update_priorities(index_path: Path, base_dir: Path = INPUT_DIR, use_ollama: bool = False) -> int:
    """"""
    Aktualizuje priorytety dla plików ze statusem NEW.

    Args:
        index_path: Ścieżka do indeksu
        base_dir: Katalog bazowy (INPUT_DIR)
        use_ollama: Czy użyć Ollama do dodatkowej oceny (wolniejsze, ale dokładniejsze)

    Returns:
        Liczba zaktualizowanych rekordów
    """"""
    logger.info(""🎯 Aktualizuję priorytety..."")

    index = load_index(index_path)

    updated = 0
    for record in index:
        # Aktualizuj tylko NEW (nie ruszaj learned/hard_topic itp.)
        if record['status'] != STATUS_NEW:
            continue

        if use_ollama:
            filepath = base_dir / record['id']
            if filepath.exists():
                new_priority = recalculate_priority_with_ollama(record, filepath)
                record['priority'] = new_priority
                record['priority_method'] = 'ollama'
                updated += 1
        else:
            # Priorytet został już obliczony w perception.py
            record['priority_method'] = 'heuristic'

    if updated > 0:
        save_index(index, index_path)
        logger.info(f""✅ Zaktualizowano priorytety dla {updated} plików"")
    else:
        logger.info(""✅ Brak plików do aktualizacji priorytetów"")

    return updated


def reprocess_hard_topics(index_path: Path, files_since_hard: int = 5) -> int:
    """"""
    Przywraca trudne tematy do nauki po nauczeniu się innych plików.

    Args:
        index_path: Ścieżka do indeksu
        files_since_hard: Po ilu nauczonych plikach przywrócić hard topic

    Returns:
        Liczba przywróconych plików
    """"""
    logger.info(""🔄 Sprawdzam czy można przywrócić hard topics..."")

    index = load_index(index_path)

    # Policz ukończone pliki
    completed = [r for r in index if r['status'] == 'completed']
    hard_topics = [r for r in index if r['status'] == STATUS_HARD_TOPIC]

    if not hard_topics:
        logger.info(""✅ Brak hard topics do przywrócenia"")
        return 0

    # Jeśli mamy wystarczająco dużo ukończonych, przywróć pierwszy hard topic
    if len(completed) >= files_since_hard:
        target = hard_topics[0]
        target['status'] = STATUS_NEW
        target['exam_attempts'] = 0
        target['last_scores'] = []
        target['priority'] += 10  # lekki bonus
        target['updated_at'] = get_timestamp()

        save_index(index, index_path)

        logger.info(f""🔄 Przywrócono hard topic: {target['id']}"")
        return 1

    return 0
",6216,"Ocena ważności przez Ollama, przywracanie hard_topics"
orchestrator.py,"""""""
DEAMONMARIA V2 - Orchestrator Example
Przykładowy skrypt pokazujący jak zintegrować wszystkie moduły.
To NIE zastępuje maria_daemon.py - to tylko przykład użycia.
""""""

import logging
import time
from pathlib import Path

# Importuj wszystkie moduły
from config import (
    INPUT_DIR,
    KNOWLEDGE_INDEX,
    LONGTERM_MEMORY,
    EXAM_RESULTS,
    LEARNING_LOG,
    LOG_LEVEL,
    LOG_FORMAT,
    LOG_DATE_FORMAT,
)
from perception import scan_input_directory, get_next_file_to_learn
from priority_scheduler import update_priorities, reprocess_hard_topics
from maria.core.learning.learning_agent import learn_next_chunk
from exam_agent import run_exam_if_ready
from maria_core.memory.memory_store import load_index

# Setup logging
logging.basicConfig(
    level=LOG_LEVEL,
    format=LOG_FORMAT,
    datefmt=LOG_DATE_FORMAT,
    handlers=[
        logging.FileHandler(LEARNING_LOG),
        logging.StreamHandler()
    ]
)

logger = logging.getLogger(__name__)


def maria_learning_cycle(
    max_iterations: int = 100,
    learn_steps_per_exam: int = 3,
    use_ollama_priority: bool = False
):
    """"""
    Główny cykl uczenia MARIA.

    Args:
        max_iterations: Maksymalna liczba iteracji (zabezpieczenie)
        learn_steps_per_exam: Co ile kroków nauki uruchomić egzamin
        use_ollama_priority: Czy użyć Ollama do priorytetyzacji (wolniejsze)
    """"""
    logger.info(""=""*60)
    logger.info(""🚀 DEAMONMARIA V2 - START LEARNING CYCLE"")
    logger.info(""=""*60)

    iteration = 0
    learn_counter = 0

    while iteration < max_iterations:
        iteration += 1
        logger.info(f""\n{'='*60}"")
        logger.info(f""📍 ITERACJA {iteration}/{max_iterations}"")
        logger.info(f""{'='*60}"")

        # ===== KROK 1: SKANOWANIE =====
        logger.info(""\n[1/5] 🔍 Skanowanie katalogów..."")
        stats = scan_input_directory(INPUT_DIR, KNOWLEDGE_INDEX)

        if stats['new'] > 0 or stats['changed'] > 0:
            logger.info(f""Znaleziono: {stats['new']} nowych, {stats['changed']} zmienionych"")

        # ===== KROK 2: PRIORYTETYZACJA =====
        logger.info(""\n[2/5] 🎯 Aktualizacja priorytetów..."")
        updated = update_priorities(KNOWLEDGE_INDEX, INPUT_DIR, use_ollama=use_ollama_priority)

        # ===== KROK 3: NAUKA =====
        logger.info(""\n[3/5] 🧠 Uczenie się..."")
        learned_something = learn_next_chunk(INPUT_DIR, KNOWLEDGE_INDEX, LONGTERM_MEMORY)

        if learned_something:
            learn_counter += 1
            logger.info(f""✅ Nauczono chunk (licznik: {learn_counter})"")
        else:
            logger.info(""ℹ️  Brak chunków do nauki"")

        # ===== KROK 4: EGZAMINY =====
        # Uruchamiaj egzamin co N kroków nauki lub jeśli nie ma już czego uczyć
        if learn_counter >= learn_steps_per_exam or not learned_something:
            logger.info(""\n[4/5] 📝 Sprawdzam egzaminy..."")
            exam_done = run_exam_if_ready(KNOWLEDGE_INDEX, LONGTERM_MEMORY, EXAM_RESULTS)

            if exam_done:
                learn_counter = 0  # resetuj licznik
                logger.info(""✅ Przeprowadzono egzamin"")
            else:
                logger.info(""ℹ️  Brak plików gotowych na egzamin"")
        else:
            logger.info(""\n[4/5] 📝 Pomijam egzaminy (za mało nauki)"")

        # ===== KROK 5: HARD TOPICS =====
        logger.info(""\n[5/5] 🔄 Sprawdzam hard topics..."")
        restored = reprocess_hard_topics(KNOWLEDGE_INDEX, files_since_hard=5)

        # ===== SPRAWDŹ CZY JEST JESZCZE PRACA =====
        index = load_index(KNOWLEDGE_INDEX)

        new_count = sum(1 for r in index if r['status'] == 'new')
        learning_count = sum(1 for r in index if r['status'] == 'learning')
        learned_count = sum(1 for r in index if r['status'] == 'learned')
        completed_count = sum(1 for r in index if r['status'] == 'completed')
        hard_count = sum(1 for r in index if r['status'] == 'hard_topic')

        logger.info(f""\n📊 STATUS OGÓLNY:"")
        logger.info(f""   New: {new_count}"")
        logger.info(f""   Learning: {learning_count}"")
        logger.info(f""   Learned: {learned_count}"")
        logger.info(f""   Completed: {completed_count}"")
        logger.info(f""   Hard Topics: {hard_count}"")

        # Jeśli nie ma nic do roboty, zakończ
        if new_count == 0 and learning_count == 0 and learned_count == 0:
            if hard_count > 0:
                logger.info(""\n⚠️  Wszystkie pliki to hard topics - kończę cykl"")
            else:
                logger.info(""\n✅ Wszystkie pliki ukończone!"")
            break

        # Krótka pauza między iteracjami (opcjonalne)
        # time.sleep(1)

    logger.info(""\n"" + ""=""*60)
    logger.info(""🏁 DEAMONMARIA V2 - KONIEC CYKLU"")
    logger.info(""=""*60)


def run_single_step(step: str):
    """"""
    Uruchamia pojedynczy krok (do debugowania).

    Args:
        step: 'scan' | 'priority' | 'learn' | 'exam' | 'hard_topics'
    """"""
    if step == 'scan':
        scan_input_directory(INPUT_DIR, KNOWLEDGE_INDEX)
    elif step == 'priority':
        update_priorities(KNOWLEDGE_INDEX, INPUT_DIR, use_ollama=True)
    elif step == 'learn':
        learn_next_chunk(INPUT_DIR, KNOWLEDGE_INDEX, LONGTERM_MEMORY)
    elif step == 'exam':
        run_exam_if_ready(KNOWLEDGE_INDEX, LONGTERM_MEMORY, EXAM_RESULTS)
    elif step == 'hard_topics':
        reprocess_hard_topics(KNOWLEDGE_INDEX)
    else:
        logger.error(f""Nieznany krok: {step}"")


if __name__ == ""__main__"":
    # Przykład użycia

    # Tryb 1: Pełny cykl
    maria_learning_cycle(
        max_iterations=50,
        learn_steps_per_exam=3,
        use_ollama_priority=False  # False = szybsze, True = dokładniejsze
    )

    # Tryb 2: Pojedyncze kroki (do debugowania)
    # run_single_step('scan')
    # run_single_step('learn')
    # run_single_step('exam')
",5757,"Przykładowa integracja - główna pętla, single steps do debugowania"
requirements.txt,"# DEAMONMARIA V2 - Requirements
# Python 3.8+

# Ollama API calls
requests>=2.31.0

# No other dependencies needed - system uses only stdlib + requests!
# Make sure Ollama is installed locally: https://ollama.ai/
",213,Zależności Python (tylko requests)
README.md,"# 🧠 DEAMONMARIA V2

**Autonomiczny system uczący się z lokalnych plików tekstowych przez Ollama.**

---

## 📋 WYMAGANIA

### 1. Python 3.8+
```bash
python --version  # sprawdź wersję
```

### 2. Ollama
Zainstaluj Ollama z: https://ollama.ai/

Pobierz model `llama3.1:8b`:
```bash
ollama pull llama3.1:8b
```

Sprawdź czy działa:
```bash
ollama list
ollama run llama3.1:8b ""Hello!""
```

### 3. Zależności Python
```bash
pip install -r requirements.txt
```

---

## 🚀 SZYBKI START

### 1. Struktura projektu
```
maria_core/
├── config.py              # ✅ Konfiguracja
├── memory_store.py        # ✅ Pamięć (JSONL)
├── perception.py          # ✅ Skanowanie folderów
├── priority_scheduler.py  # ✅ Priorytetyzacja
├── learning_agent.py      # ✅ Uczenie przez Ollama
├── exam_agent.py          # ✅ Egzaminy
├── orchestrator.py        # ✅ Przykładowa integracja
│
├── input/                 # 👈 WRZUĆ TU PLIKI .txt
│   ├── pakiet_01/
│   │   ├── A1.txt
│   │   └── A2.txt
│   └── pakiet_02/
│       └── B1.txt
│
├── memory/                # Pamięć długoterminowa (auto)
├── processed/             # Przetworzone pliki (auto)
└── logs/                  # Logi (auto)
```

### 2. Dodaj materiały do nauki
```bash
mkdir -p input/pamiec_techniki
# Wrzuć pliki .txt do input/pamiec_techniki/
```

### 3. Uruchom system
```bash
python orchestrator.py
```

---

## ⚙️ KONFIGURACJA

### `config.py` - główne ustawienia:

```python
# Model Ollama
OLLAMA_MODEL = ""llama3.1:8b""
OLLAMA_TEMPERATURE = 0.3

# Chunking
TARGET_CHUNK_SIZE = 1500  # znaków
CHUNK_OVERLAP = 200

# Egzaminy
EXAM_PASS_THRESHOLD = 0.6  # 60%
EXAM_MAX_ATTEMPTS = 2

# Słowa kluczowe (bonusy do priorytetu)
PRIORITY_BONUS_KEYWORDS = {
    ""core"": 15,
    ""podstawy"": 12,
    # ... dodaj własne
}
```

---

## 🔄 JAK TO DZIAŁA?

### Cykl uczenia:

```
1. 🔍 SKANOWANIE
   ↓ Znajdź pliki .txt w input/

2. 🎯 PRIORYTETYZACJA
   ↓ Oceń ważność (rozmiar, struktura, słowa kluczowe)

3. 🧠 NAUKA
   ↓ Podziel na chunki, ucz się przez Ollama
   ↓ Zapisz do pamięci długoterminowej

4. 📝 EGZAMIN
   ↓ Wygeneruj pytania → odpowiedz → oceń

5. ✅ WYNIK
   ├─ score >= 60% → COMPLETED ✅
   ├─ score < 60% (1x) → EXAM_FAILED (ponowna nauka)
   └─ score < 60% (2x) → HARD_TOPIC ⚠️ (pomiń, wróć później)
```

### Statusy plików:
- `new` - nowy, nierozpoczęty
- `learning` - w trakcie nauki (chunki)
- `learned` - nauczony, czeka na egzamin
- `exam_failed` - egzamin niezaliczony, ponowna nauka
- `hard_topic` - trudny temat, pominięty (powrót po 5 innych)
- `completed` - egzamin zaliczony ✅

---

## 📊 PLIKI PAMIĘCI (JSONL)

### `memory/knowledge_index.jsonl`
Indeks wszystkich plików:
```json
{
  ""id"": ""pakiet_01/A1.txt"",
  ""status"": ""learning"",
  ""priority"": 75.3,
  ""exam_attempts"": 0,
  ""chunks_learned"": 3,
  ""total_chunks"": 5
}
```

### `memory/maria_longterm_memory.jsonl`
Pamięć długoterminowa (chunki):
```json
{
  ""source_file"": ""pakiet_01/A1.txt"",
  ""chunk_id"": ""pakiet_01/A1.txt#chunk_0"",
  ""summary"": ""..."",
  ""key_points"": [""..."", ""...""],
  ""tags"": [""..."", ""...""]
}
```

### `memory/exam_results.jsonl`
Wyniki egzaminów:
```json
{
  ""file"": ""pakiet_01/A1.txt"",
  ""attempt"": 1,
  ""score"": 0.75,
  ""questions"": [...],
  ""answers"": [...]
}
```

---

## 🔧 INTEGRACJA Z `maria_daemon.py`

**Nie ruszaj swojego `maria_daemon.py`!**

W głównej pętli `maria_think_loop()` dodaj:

```python
from perception import scan_input_directory
from priority_scheduler import update_priorities
from maria.core.learning.learning_agent import learn_next_chunk
from exam_agent import run_exam_if_ready
from config import INPUT_DIR, KNOWLEDGE_INDEX, LONGTERM_MEMORY, EXAM_RESULTS

def maria_think_loop():
    while True:
        # 1. Skanuj nowe pliki
        scan_input_directory(INPUT_DIR, KNOWLEDGE_INDEX)

        # 2. Zaktualizuj priorytety (opcjonalne)
        # update_priorities(KNOWLEDGE_INDEX, use_ollama=False)

        # 3. Ucz się jednego chunka
        learned = learn_next_chunk(INPUT_DIR, KNOWLEDGE_INDEX, LONGTERM_MEMORY)

        # 4. Co 3 chunki - egzamin
        if iteration % 3 == 0:
            run_exam_if_ready(KNOWLEDGE_INDEX, LONGTERM_MEMORY, EXAM_RESULTS)

        # 5. TWÓJ ISTNIEJĄCY KOD
        # ... twoja logika maria_daemon.py

        time.sleep(5)
```

---

## 🐛 DEBUGOWANIE

### Pojedyncze kroki:
```python
from orchestrator import run_single_step

run_single_step('scan')      # tylko skanowanie
run_single_step('learn')     # tylko nauka
run_single_step('exam')      # tylko egzamin
run_single_step('priority')  # tylko priorytetyzacja
```

### Logi:
```bash
tail -f logs/learning.log
tail -f logs/exams.log
```

---

## 🎯 PRZYKŁADOWE UŻYCIE

```python
from orchestrator import maria_learning_cycle

# Tryb pełny: max 50 iteracji, egzamin co 3 chunki
maria_learning_cycle(
    max_iterations=50,
    learn_steps_per_exam=3,
    use_ollama_priority=False  # False=szybkie, True=dokładne
)
```

---

## 🛡️ BEZPIECZEŃSTWO

- **Thread-safe**: File locking w `memory_store.py`
- **Atomiczne zapisy**: Temp file → replace
- **Retry logic**: 3 próby dla Ollama API
- **Timeout**: 120s na wywołanie Ollama
- **Validation**: JSON parsing z error handling

---

## 📈 OPTYMALIZACJA

### Szybszy chunking:
```python
# config.py
TARGET_CHUNK_SIZE = 1000  # mniejsze chunki
```

### Mniej pytań na egzamin:
```python
# config.py
EXAM_QUESTIONS_PER_CHUNK = 1.0  # zamiast 1.5
```

### Priorytety przez Ollama (wolniejsze, ale dokładniejsze):
```python
update_priorities(KNOWLEDGE_INDEX, use_ollama=True)
```

---

## ❓ FAQ

**Q: System się zapętla na jednym pliku?**
A: Automatyczne wykrywanie w `exam_agent.py` - po 3 podobnych wynikach → HARD_TOPIC

**Q: Jak wrócić do hard topics?**
A: Automatycznie po nauczeniu 5 innych plików (zmień w `config.py: HARD_TOPIC_RETRY_AFTER`)

**Q: Ollama timeout?**
A: Zwiększ `OLLAMA_TIMEOUT` w `config.py` (domyślnie 120s)

**Q: Plik się zmienił?**
A: System wykrywa zmiany przez SHA256 hash i resetuje status na `new`

---

## 📝 TODO (opcjonalne rozszerzenia)

- [ ] Dependency graph (plik B wymaga wiedzy z A)
- [ ] Semantic search w pamięci (embeddings)
- [ ] Export do Anki (flashcards)
- [ ] Web dashboard (Flask)
- [ ] Multi-model support (różne modele Ollama)

---

## 📄 LICENCJA

MIT License - użyj jak chcesz! 🚀

---

## 👨‍💻 AUTOR

DEAMONMARIA V2 - Built for Comet Labo
",6250,"Pełna dokumentacja - instalacja, quick start, FAQ, integracja"
example_test.txt,"# Techniki Skutecznego Zapamiętywania

## Wprowadzenie

Pamięć to jeden z najważniejszych elementów efektywnego uczenia się. W tym dokumencie przedstawimy sprawdzone techniki, które pomogą Ci lepiej zapamiętywać i przyswajać nowe informacje.

## 1. Powtarzanie Przestankowane (Spaced Repetition)

Powtarzanie przestankowane to technika polegająca na systematycznym powracaniu do materiału w coraz dłuższych odstępach czasu. Badania pokazują, że ta metoda jest znacznie skuteczniejsza niż intensywne powtarzanie w krótkim czasie.

### Schemat powtórzeń:
- 1 dzień po nauce
- 3 dni po pierwszym powtórzeniu
- 7 dni po drugim powtórzeniu
- 14 dni po trzecim powtórzeniu
- 30 dni po czwartym powtórzeniu

## 2. Metoda Pałacu Pamięci (Method of Loci)

Pałac pamięci to technika mnemoniczna wykorzystująca wizualizację przestrzenną. Polega na przypisywaniu informacji do konkretnych miejsc w znanej Ci przestrzeni (np. własnym domu).

### Jak zastosować:
1. Wybierz dobrze znaną przestrzeń
2. Wyznacz w niej konkretne punkty (pokoje, meble)
3. Przypisz do każdego punktu element do zapamiętania
4. ""Spaceruj"" mentalnie po tej przestrzeni, odwiedzając kolejne punkty

## 3. Chunking - Grupowanie Informacji

Chunking polega na łączeniu pojedynczych elementów w większe, sensowne grupy. Ludzki mózg lepiej zapamiętuje 5-7 ""chunków"" niż dziesiątki pojedynczych elementów.

Przykład:
- Zamiast: 1, 9, 4, 5, 2, 0, 2, 5
- Użyj: 1945, 2025 (dwie daty)

## 4. Aktywne Przypominanie (Active Recall)

Zamiast biernego czytania materiału, aktywnie próbuj przywołać informacje z pamięci. To wzmacnia połączenia neuronowe i prowadzi do trwałego zapamiętania.

### Techniki aktywnego przypominania:
- Karty fiszki (flashcards)
- Testy praktyczne
- Wyjaśnianie materiału innej osobie
- Pisanie notatek z pamięci (bez podglądania)

## 5. Elaboracja i Kojarzenie

Łącz nowe informacje z tym, co już wiesz. Im więcej połączeń stworzysz, tym łatwiej będzie Ci przypomnieć sobie dany fakt.

### Metody elaboracji:
- Tworzenie analogii
- Wymyślanie przykładów
- Zadawanie pytań ""dlaczego?"" i ""jak?""
- Łączenie z osobistymi doświadczeniami

## 6. Interleaving - Przeplatanie Tematów

Zamiast koncentrować się na jednym temacie przez długi czas, przeplataj różne zagadnienia. Ta technika może wydawać się trudniejsza, ale prowadzi do lepszego zrozumienia i elastyczności myślenia.

## 7. Sen i Odpoczynek

Konsolidacja pamięci zachodzi głównie podczas snu. Nauczone informacje są przenoszone z pamięci krótkotrwałej do długotrwałej.

### Wskazówki:
- Śpij minimum 7-8 godzin
- Rób przerwy podczas nauki (technika Pomodoro: 25 min nauki, 5 min przerwy)
- Krótka drzemka (10-20 min) może poprawić zapamiętywanie

## Podsumowanie

Skuteczne zapamiętywanie to połączenie wielu technik:
1. Stosuj powtarzanie przestankowane
2. Wizualizuj (pałac pamięci)
3. Grupuj informacje (chunking)
4. Testuj się (active recall)
5. Twórz połączenia (elaboracja)
6. Przeplataj tematy
7. Dbaj o sen

Pamiętaj: nie ma jednej ""najlepszej"" metody - eksperymentuj i znajdź to, co działa dla Ciebie!
",3046,Przykładowy plik do testowania (techniki pamięci)
